,0
ICULOS,21704.69436264038
O2Sat_d12,7077.232709646225
SBP_d12,6139.452110290527
BUN_nmeas,4802.392152786255
Temp_min12,3021.8193378448486
PaCO2,2845.7739880383015
WBC,2280.925838470459
Glucose_nmeas,2191.489456176758
FiO2_hrs_since,1981.8575229644775
pH,1947.8659811019897
HR_min12,1937.7538658976555
FiO2,1548.2746443748474
Creatinine_nmeas,1416.3780059814453
HR_d12,1236.5313219353557
Age,1219.0958309173584
BaseExcess_nmeas,1185.0988235473633
SBP_mean12,1168.584976196289
Resp_mean12,1073.5429201126099
Lactate,990.1438865661621
Temp_mean6,986.2478565573692
Resp_min6,977.8677062988281
Temp_min6,964.3090000152588
O2Sat_mean12,950.4697074890137
Temp_std12,949.2334594726562
FiO2_nmeas,932.6709899902344
BUN,913.3077898025513
HospAdmTime,898.8075742721558
Resp_min12,891.7074031829834
HR_std12,880.3206870555878
Platelets,817.3170609474182
