imm,consec,cooldown,high,tune_early%,tune_alerts/100pd,tune_FPpat%,final_early%,final_alerts/100pd,final_FPpat%,final_lead_h
off,2,6,60,78.2,47.8,24.7,85.0,55.7,23.9,7.0
off,2,6,70,78.2,47.3,24.4,85.0,55.3,23.8,7.0
off,2,12,60,74.5,31.9,24.7,79.1,36.2,23.9,5.0
off,2,12,70,75.0,31.5,24.4,78.6,36.0,23.8,5.0
off,3,6,60,73.6,42.0,21.9,83.2,49.7,21.3,6.0
off,3,6,70,73.6,41.5,21.6,83.2,49.3,21.0,6.0
off,3,12,60,71.8,28.5,21.9,79.5,32.7,21.3,4.0
off,3,12,70,71.8,28.2,21.6,80.0,32.5,21.0,4.0
old,2,6,60,88.6,129.3,66.8,90.9,133.4,67.1,7.0
old,2,6,70,88.6,129.0,66.6,90.9,133.1,67.1,7.0
old,2,12,60,81.8,88.4,66.8,84.1,90.7,67.1,5.0
old,2,12,70,82.3,88.2,66.6,84.1,90.6,67.1,5.0
old,3,6,60,86.4,125.4,65.8,89.5,129.3,66.3,7.0
old,3,6,70,86.4,125.2,65.7,89.5,129.0,66.2,7.0
old,3,12,60,81.8,86.3,65.8,85.9,88.5,66.3,5.0
old,3,12,70,81.8,86.2,65.7,85.9,88.4,66.2,5.0
lac4,2,6,60,78.6,54.5,27.5,86.4,61.3,26.1,7.0
lac4,2,6,70,78.6,54.0,27.2,86.4,60.9,25.9,7.0
lac4,2,12,60,75.5,36.2,27.5,79.1,39.7,26.1,5.0
lac4,2,12,70,75.9,35.9,27.2,78.6,39.5,25.9,5.0
lac4,3,6,60,75.0,49.0,24.7,84.5,55.5,23.6,6.5
lac4,3,6,70,75.0,48.6,24.5,84.5,55.0,23.3,6.5
lac4,3,12,60,73.6,33.0,24.7,80.0,36.3,23.6,4.0
lac4,3,12,70,73.6,32.7,24.5,80.5,36.1,23.3,4.0
lac4_watch,2,6,60,78.6,49.5,25.3,85.5,57.0,24.3,7.0
lac4_watch,2,6,70,78.6,49.1,25.0,85.5,56.6,24.1,7.0
lac4_watch,2,12,60,75.5,32.9,25.3,79.5,37.0,24.3,5.0
lac4_watch,2,12,70,75.9,32.6,25.0,79.1,36.8,24.1,5.0
lac4_watch,3,6,60,75.0,44.0,22.5,83.6,51.2,21.7,6.0
lac4_watch,3,6,70,75.0,43.6,22.3,83.6,50.7,21.4,6.0
lac4_watch,3,12,60,73.2,29.7,22.5,80.0,33.6,21.7,4.0
lac4_watch,3,12,70,73.2,29.5,22.3,80.5,33.4,21.4,4.0
lac4_map,2,6,60,79.5,53.2,27.3,86.8,60.8,26.9,7.0
lac4_map,2,6,70,79.5,52.8,27.1,86.8,60.5,26.8,7.0
lac4_map,2,12,60,75.5,35.6,27.3,80.5,39.8,26.9,5.0
lac4_map,2,12,70,75.9,35.4,27.1,80.0,39.7,26.8,5.0
lac4_map,3,6,60,76.4,48.3,24.9,85.0,55.6,24.8,6.0
lac4_map,3,6,70,76.4,47.9,24.7,85.0,55.3,24.6,6.0
lac4_map,3,12,60,74.1,32.8,24.9,81.8,36.8,24.8,4.5
lac4_map,3,12,70,74.1,32.6,24.7,82.3,36.7,24.6,4.0
